pitcher,pitcher_name,year,pitch_hand,n_pitches,team_id,ball_angle,relative_release_ball_x,release_ball_z,relative_shoulder_x,shoulder_z,role,games_started,games_relieved,total_pitches,total_pa,k_percent,bb_percent,whiff_percent,barrel_percent,hard_hit_percent,xwoba
669952,"White, Mitch",2022,R,1715,141,45,-1.6038070546950858,6.09757623898324,0.046238844784667,4.461463814616759,Starter,18,7,1715,442,17.647058823529413,7.918552036199094,18.870192307692307,5.555555555555555,33.95061728395062,0.31494903881278535
579328,"Kikuchi, Yusei",2022,L,1843,141,42,1.669466193507274,5.492280744159988,0.0816391879762806,4.079665284358705,Starter,20,12,1843,456,26.973684210526315,12.5,30.97142857142857,14.82889733840304,47.90874524714829,0.3604385
573186,"Stroman, Marcus",2022,R,2133,112,32,-1.7887934927372873,5.24469701605902,-0.0586039812370416,4.151471723815469,Starter,25,0,2181,571,20.665499124343256,6.304728546409807,22.400000000000002,6.585365853658537,40.731707317073166,0.30800464084507045
663556,"McClanahan, Shane",2022,L,2548,139,39,1.7055875988236566,6.164818081495589,0.0546663563327428,4.827022355410702,Starter,28,0,2463,644,30.124223602484474,5.590062111801243,34.26229508196722,6.419753086419753,32.592592592592595,0.26103682861635225
668676,"Plesac, Zach",2022,R,2161,114,51,-1.3349032568269197,6.213070700974528,0.0924599321879272,4.4531683984687245,Starter,24,1,2153,569,17.57469244288225,6.6783831282952555,22.00180342651037,9.647058823529411,41.411764705882355,0.35085773721340385
641540,"Dunning, Dane",2022,R,2469,140,33,-2.108293444170123,5.469599885801206,-0.1581313381834933,4.219198740965518,Starter,29,0,2548,674,20.326409495548962,9.198813056379821,24.40318302387268,8.91304347826087,38.04347826086957,0.3267618970149254
668933,"Ashcraft, Graham",2022,R,1654,113,48,-1.3911017588820611,6.194300791877727,0.1695093217544245,4.468858719584348,Starter,19,0,1756,463,15.334773218142548,6.263498920086392,18.569780853517877,4.788732394366197,36.33802816901409,0.3104161904761905
624133,"Suárez, Ranger",2022,L,2807,143,37,1.827315538870023,5.845640453344206,0.0166735763405339,4.484070974683229,Starter,29,0,2564,664,19.427710843373493,8.734939759036145,21.336760925449873,6.765327695560254,34.883720930232556,0.3021795083969466
668678,"Gallen, Zac",2022,R,2935,109,44,-1.3741349899188346,5.901697698577456,0.1063327978755385,4.492227408892007,Starter,31,0,2935,716,26.675977653631282,6.564245810055866,23.005032350826742,7.775377969762419,36.06911447084234,0.2780470182328191
663559,"Falter, Bailey",2022,L,1319,143,57,0.8977293647031934,5.725273941762926,-0.2386772511044533,3.9470314728248455,Starter,16,4,1295,350,21.142857142857142,4.857142857142857,23.809523809523807,8.333333333333332,38.492063492063494,0.330965204610951
605447,"Romano, Jordan",2022,R,1016,141,47,-1.4580469255579966,5.9804886267255455,0.1127852526246719,4.28087305763752,Reliever,0,63,989,254,28.74015748031496,6.692913385826772,30.30888030888031,6.918238993710692,45.911949685534594,0.2839183266932271
666120,"Anderson, Ian",2022,R,1998,144,60,-0.8441014357870167,6.242033710812553,0.2501101203253162,4.353474531751001,Starter,22,0,2005,494,19.63562753036437,10.931174089068826,28.404255319148934,6.158357771260997,40.469208211143695,0.32311461178861794
570632,"Ureña, José",2022,R,1622,115,35,-2.1021361836553925,5.837166695321528,-0.1334580702396415,4.474624675089183,Starter,17,4,1622,433,14.318706697459586,9.930715935334874,19.393139841688654,6.769230769230769,38.46153846153847,0.34037489534883725
543243,"Gray, Sonny",2022,R,1798,142,47,-1.143205288779544,5.467186859551861,0.2413745741455649,3.984018011347524,Starter,24,0,1872,489,23.92638036809816,7.361963190184049,21.894218942189422,5.47112462006079,39.81762917933131,0.29788924435318276
521230,"Hendriks, Liam",2022,R,948,145,46,-1.5942487815534387,5.901812519050445,-0.1432659188685062,4.389376049117382,Reliever,0,58,948,235,36.17021276595745,6.382978723404255,41.333333333333336,9.090909090909092,39.39393939393939,0.25231260262008737
593423,"Montas, Frankie",2022,R,2339,147,46,-1.4842597355677156,6.054780920183113,0.1220592672188779,4.395827160699873,Starter,27,0,2327,608,23.190789473684212,6.578947368421052,27.554438860971526,7.951807228915662,34.21686746987952,0.3104181237458194
676879,"Ashby, Aaron",2022,L,1876,158,46,1.2272594954394374,6.311502602790468,-0.4136605338946978,4.584174807019152,Starter,19,8,1878,475,26.526315789473685,9.894736842105264,29.397590361445786,6.756756756756757,34.12162162162162,0.30048879744136464
669456,"Bieber, Shane",2022,R,3074,114,41,-1.4613695575322911,5.579803099728761,0.1074088688465269,4.212896838500583,Starter,31,0,2875,793,24.84237074401009,4.539722572509458,29.72027972027972,7.207207207207207,43.06306306306306,0.29157459974587036
605200,"Davies, Zach",2022,R,2289,109,37,-1.8424348192308675,5.613314247222442,-0.1961391286233705,4.35635378423819,Starter,27,0,2292,574,17.59581881533101,9.059233449477352,21.406411582213032,7.971014492753622,34.54106280193236,0.328931417989418
622608,"Senzatela, Antonio",2022,R,1521,115,45,-1.747893555406843,6.11462467879213,-0.1359435932594304,4.480019725623798,Starter,19,0,1521,414,13.043478260869565,5.555555555555555,16.182572614107883,4.504504504504505,41.74174174174174,0.35024322906403943
656657,"Logue, Zach",2022,L,1022,133,22,2.2949511131442164,5.156652540776302,0.2759170857882381,4.354014685039646,Starter,10,4,1022,257,16.342412451361866,7.782101167315175,21.544715447154474,12.435233160621761,42.487046632124354,0.3694090431372549
666129,"Garrett, Braxton",2022,L,1421,146,39,1.6772308306175088,6.04496593450131,-0.0227300875836227,4.652517975152447,Starter,17,0,1436,372,23.9247311827957,6.182795698924731,26.62807525325615,7.228915662650602,38.55421686746988,0.31178173513513513
615698,"Quantrill, Cal",2022,R,3070,114,45,-1.5358140936019495,6.399184992845598,0.1342058300672948,4.729543966712548,Starter,32,0,2920,771,16.601815823605705,6.09597924773022,18.508092892329344,7.521367521367521,35.72649572649573,0.3205427234600262
669203,"Burnes, Corbin",2022,R,3260,158,41,-1.6180359194222182,5.967157599029926,0.0321347182671172,4.519782615973885,Starter,33,0,3274,800,30.375000000000004,6.375,35.16192994051553,5.714285714285714,34.08163265306122,0.2733405194968554
677651,"Garcia, Luis",2022,R,2537,117,45,-1.5156620071194893,6.293153523535673,-0.0861938229005725,4.8427981217025495,Starter,28,0,2468,643,24.416796267496114,7.309486780715396,29.13907284768212,7.76255707762557,36.3013698630137,0.29431327230046955
621076,"Kaprielian, James",2022,R,2229,133,37,-1.8492167429902693,6.071972641245832,-0.1629274271493334,4.785491585757026,Starter,26,0,2230,579,16.92573402417962,10.189982728842832,21.200750469043154,7.951807228915662,36.385542168674704,0.3313338452173913
573204,"Thielbar, Caleb",2022,L,987,142,52,0.9460509932934256,6.036851579447834,-0.4297499301074394,4.269840618142811,Reliever,0,67,996,245,32.6530612244898,6.938775510204081,30.018416206261513,6.802721088435375,25.850340136054424,0.248642
592662,"Ray, Robbie",2022,L,3002,136,44,1.672643524937888,6.095732350273692,0.0670796301277461,4.519097866217528,Starter,32,0,3047,780,27.17948717948718,7.948717948717948,29.95538559592097,7.894736842105263,39.068825910931174,0.294991745148771
664854,"Helsley, Ryan",2022,R,994,138,53,-1.2108883548959846,6.02951734873516,0.1516611664640247,4.230622284329867,Reliever,0,54,962,238,39.49579831932773,7.9831932773109235,37.84313725490196,8.799999999999999,39.2,0.22242073949579835
543766,"Shaw, Bryan",2022,R,969,114,45,-1.7482313506545366,6.1029056668352,-0.19532040887844,4.539665636146569,Reliever,2,58,969,260,20.0,9.615384615384617,21.73913043478261,6.70391061452514,44.134078212290504,0.33458861776061777
641302,"Alexander, Tyler",2022,L,1591,116,39,1.851607749720968,5.73661233301857,0.1255015929061756,4.322060575866251,Starter,17,10,1591,428,14.018691588785046,5.607476635514018,16.997518610421835,11.176470588235295,37.94117647058823,0.3552011087470449
641816,"Mahle, Tyler",2022,R,2101,142,42,-1.893904291365461,5.568822575625381,-0.2890313034451804,4.10731299478815,Starter,23,0,2101,505,24.95049504950495,8.514851485148515,26.785714285714285,7.530120481927711,38.25301204819277,0.2911741394422311
660761,"Suarez, José",2022,L,1783,108,31,1.9774762917970508,5.2633271287307535,0.149454187798609,4.16226624672711,Starter,20,2,1783,461,22.125813449023862,6.724511930585683,24.478594950603732,8.385093167701864,38.19875776397515,0.2979039564270153
642585,"Bautista, Félix",2022,R,983,110,58,-0.8101586900746944,6.98383959264794,0.5184041620199362,4.885935211337846,Reliever,0,65,995,254,34.645669291338585,8.661417322834646,33.6,8.51063829787234,36.87943262411347,0.25461738492063496
672282,"Detmers, Reid",2022,L,2179,108,39,1.6328058045471432,6.072280386659484,-0.048474738857953,4.701926019474501,Starter,25,0,2181,539,22.448979591836736,8.348794063079778,25.332068311195442,7.988980716253444,38.56749311294766,0.3124286480446927
502042,"Archer, Chris",2022,R,1787,142,54,-1.2787238038395483,6.255076968217596,-0.0103923775594584,4.541022914104338,Starter,25,0,1787,437,18.993135011441648,10.983981693363845,24.215809284818068,8.637873754152823,44.518272425249165,0.33706762903225806
669211,"Akin, Keegan",2022,L,1235,110,42,1.6192213888608562,5.96948425260249,-0.020659728723289,4.490567541766796,Reliever,1,44,1235,330,23.333333333333332,6.0606060606060606,25.840978593272173,6.521739130434782,37.391304347826086,0.29528556134969325
669467,"Pallante, Andre",2022,R,1768,138,50,-1.7377145544813546,5.810937274770052,-0.3440645168917011,4.122844673881481,Reliever,10,37,1753,456,15.789473684210526,8.333333333333332,17.766497461928935,3.206997084548105,41.98250728862974,0.30141048098434003
607259,"Martinez, Nick",2022,R,1869,135,53,-1.0927404489399548,6.042101660774325,0.2219146025451379,4.3020540380196985,Reliever,10,37,1720,449,20.93541202672606,9.131403118040089,25.4278728606357,8.116883116883116,37.01298701298701,0.30411041610738254
502043,"Gibson, Kyle",2022,R,2780,143,42,-1.837343299776776,6.260335667707962,-0.0775752356724246,4.703332038433426,Starter,31,0,2739,719,19.88873435326843,6.675938803894297,25.056433408577877,7.543520309477756,37.524177949709866,0.3255659146853147
656412,"Faedo, Alex",2022,R,967,116,45,-1.8677394752873409,6.502159675912177,-0.1332123920941884,4.776234701200216,Starter,12,0,967,246,17.88617886178862,10.16260162601626,24.2152466367713,9.770114942528735,39.08045977011494,0.3581549713114754
669212,"Morgan, Eli",2022,R,1056,114,44,-1.0512424761749026,5.80605867648746,0.5111331514510078,4.312609806706773,Reliever,1,49,1017,257,28.01556420233463,5.058365758754864,26.41509433962264,8.875739644970414,34.9112426035503,0.2663167890625
608032,"Estévez, Carlos",2022,R,1021,115,35,-1.8860995901146944,5.737157782920812,0.1013328609887548,4.324248143007535,Reliever,0,62,1021,235,22.97872340425532,9.361702127659575,21.875,7.643312101910828,38.853503184713375,0.315706356223176
596001,"Junis, Jakob",2022,R,1802,137,29,-2.1447479085615497,5.8409381734275545,-0.1898185854596101,4.737529373284981,Starter,17,6,1802,481,20.374220374220375,5.197505197505198,21.506682867557718,7.4074074074074066,38.17663817663818,0.3154156884210526
664353,"Urquidy, José",2022,R,2684,117,53,-1.3695426219101925,6.290634823731524,-0.0795165383230923,4.590382441569637,Starter,28,1,2640,683,19.619326500732065,5.563689604685212,22.28696285506191,9.362549800796813,40.83665338645419,0.32890392194403534
543521,"McHugh, Collin",2022,R,1131,144,24,-2.3291110819210634,5.3141155854264825,-0.2219289971016136,4.357084523342335,Reliever,0,58,1086,271,27.67527675276753,4.797047970479705,27.071823204419886,5.056179775280898,31.46067415730337,0.27252301476014756
621345,"Minter, A.J.",2022,L,1154,144,39,1.6513334746108574,5.644647182268896,0.0307218945495324,4.331022027930434,Reliever,0,75,1111,272,34.55882352941176,5.514705882352941,32.98429319371728,8.80503144654088,33.9622641509434,0.2421820858208955
472610,"García, Luis",2022,R,1034,135,43,-1.7703232536278923,6.088208343815766,-0.1278691575557601,4.550601101583588,Reliever,0,64,966,260,26.153846153846157,6.538461538461539,29.934924078091107,4.142011834319527,38.46153846153847,0.2630058823529412
605218,"Edwards Jr., Carl",2022,R,998,120,52,-1.058993845060769,6.373806621195552,0.2834167379321923,4.65617483692876,Reliever,0,57,1014,256,21.484375,9.765625,24.435318275154007,4.597701149425287,35.63218390804598,0.28418036614173225
614179,"Ruiz, José",2022,R,1115,145,44,-1.615475442539991,6.20453893868025,0.0514297853768495,4.601050342837507,Reliever,0,63,1115,265,25.660377358490567,12.452830188679245,29.2,8.536585365853659,46.95121951219512,0.3211945358490566
680739,"Winder, Josh",2022,R,1114,142,53,-1.109633494664688,6.245399729606222,0.3120220738646365,4.325213761892876,Starter,11,4,1114,289,16.26297577854671,6.228373702422145,22.033898305084744,10.138248847926267,38.70967741935484,0.3481827770034843
493603,"Ottavino, Adam",2022,R,1090,121,25,-2.722018049259133,5.446205173469353,-0.5415761197239527,4.412885150697478,Reliever,0,66,1057,258,30.620155038759687,5.426356589147287,29.82832618025751,3.1645569620253164,29.746835443037973,0.23990740551181103
548389,"Stripling, Ross",2022,R,2032,141,64,-0.889932110756275,6.973537202548151,0.1175082017927071,4.918141381917836,Starter,24,8,2033,537,20.48417132216015,3.7243947858473,23.49570200573066,9.181141439205955,37.220843672456574,0.2934593745318352
593958,"Rodriguez, Eduardo",2022,L,1467,116,34,2.1429823310570177,5.769275689988969,0.229120623715806,4.475382849972115,Starter,17,0,1469,391,18.414322250639387,8.695652173913043,18.08972503617945,7.06713780918728,36.042402826855124,0.3170121701030928
571945,"Mikolas, Miles",2022,R,3222,138,48,-1.7792663495058985,6.565356090157313,-0.1248260065049664,4.730670758770752,Starter,32,1,3152,807,18.83519206939281,4.83271375464684,18.506493506493506,6.9306930693069315,35.973597359735976,0.30618263920099875
570666,"Cessa, Luis",2022,R,1221,113,44,-1.2257557473143488,6.063167897539911,0.4150159519753101,4.450885465655251,Reliever,10,36,1235,337,17.210682492581604,8.011869436201781,21.98952879581152,9.31174089068826,42.91497975708502,0.3250314790419162
605483,"Snell, Blake",2022,L,2616,135,55,1.2137896583245271,6.575366879100215,-0.1693352762310094,4.622957505164987,Starter,24,0,2341,536,31.902985074626866,9.514925373134329,32.79857397504456,7.395498392282958,39.549839228295816,0.27895013108614236
500779,"Quintana, Jose",2022,L,2797,138,44,1.6971292626357783,5.803723640940731,0.131373501370516,4.265191632204608,Starter,32,0,2724,679,20.176730486008836,6.774668630338733,23.754789272030653,5.4989816700611,35.84521384928717,0.3044589346210996
572971,"Keuchel, Dallas",2022,L,1164,140,44,1.664212607881446,6.095296729691706,0.0795075221591291,4.5515045603089685,Starter,14,0,1165,303,14.521452145214523,9.570957095709572,22.285714285714285,8.81057268722467,39.20704845814978,0.35644377408637873
571948,"Milner, Hoby",2022,L,1088,158,-1,2.8499311562036884,4.42193655846799,0.597448379747956,4.478743552168528,Reliever,0,67,1088,273,23.44322344322344,5.4945054945054945,23.451327433628318,3.225806451612903,33.33333333333333,0.28670873977695166
666157,"Lodolo, Nick",2022,L,1681,113,19,2.729921833192156,5.45489045977864,0.4219751233509467,4.639659456693823,Starter,19,0,1779,442,29.638009049773757,8.823529411764707,30.223880597014922,9.126984126984127,38.492063492063494,0.30838188056206084
623149,"Sewald, Paul",2022,R,1043,136,15,-2.527810142361876,4.48959170669501,-0.5502452525366462,3.965469828651412,Reliever,0,65,974,241,29.87551867219917,5.809128630705394,34.029227557411275,9.395973154362416,33.557046979865774,0.25334146218487397
660271,"Ohtani, Shohei",2022,R,2629,108,39,-1.851968843581373,5.914559359122843,-0.1138743370428153,4.527583777135465,Starter,28,0,2629,661,33.13161875945537,6.656580937972769,33.022533022533025,6.345177664974619,33.24873096446701,0.2555731945288754
663855,"Hicks, Jordan",2022,R,1075,138,35,-2.060903782850353,5.97605404910342,-0.2264434026447788,4.689285928201299,Reliever,8,27,1051,263,23.954372623574145,13.307984790874524,24.03628117913832,6.962025316455696,32.278481012658226,0.30712847126436776
666159,"Manning, Matt",2022,R,989,116,48,-1.4908055061737575,5.719560031739276,-0.0945437653763591,4.144778287814807,Starter,12,0,990,263,18.250950570342205,7.224334600760455,22.35772357723577,6.153846153846154,36.92307692307693,0.30953744866920146
605488,"Springs, Jeffrey",2022,L,2134,139,44,1.4805501285282945,6.0668355112733545,-0.0940131896449471,4.546989868557117,Starter,25,8,2149,551,26.13430127041742,5.626134301270418,29.509713228492135,5.929919137466308,37.735849056603776,0.282152521978022
607536,"Freeland, Kyle",2022,L,2837,115,25,2.302610267505271,5.610547990024171,0.2367909866250469,4.657104884964857,Starter,31,0,2839,768,17.057291666666664,6.901041666666667,20.756115641215718,9.717314487632509,42.40282685512368,0.34728251308900526
656945,"Scott, Tanner",2022,L,1248,146,36,2.094245434095248,5.291478925851101,0.3136665171939988,4.018791191753507,Reliever,0,67,1273,288,31.25,15.625,35.67753001715266,5.369127516778524,32.88590604026846,0.31580670833333335
641329,"Baker, Bryan",2022,R,1181,110,57,-1.0047230590736296,6.55510532277644,0.3135236373296142,4.535778331076871,Reliever,2,64,1181,291,26.11683848797251,8.59106529209622,27.30696798493409,4.838709677419355,41.39784946236559,0.27984565172413794
643377,"Jax, Griffin",2022,R,1155,142,42,-1.4258150676086971,5.692528505239132,0.2157136301132023,4.219273683048977,Reliever,0,65,1157,288,27.083333333333332,5.902777777777778,29.557522123893804,6.878306878306878,37.03703703703704,0.27785363859649126
621107,"Eflin, Zach",2022,R,1331,143,31,-2.343540006809513,5.802516095554485,-0.2648311828453804,4.548004390102471,Starter,13,7,1194,314,20.70063694267516,4.45859872611465,22.105263157894736,6.140350877192982,31.140350877192986,0.2813873987138264
621363,"Poche, Colin",2022,L,962,139,59,1.054215117985713,6.243618874159775,-0.0372850662983016,4.43446763427352,Reliever,0,65,974,247,25.910931174089068,8.906882591093117,28.000000000000004,8.860759493670885,31.0126582278481,0.29218604489795913
456501,"Cueto, Johnny",2022,R,2372,145,33,-2.214653947552759,5.598430303348778,-0.2679669384049804,4.352832524731493,Starter,24,1,2372,653,15.620214395099541,4.747320061255743,17.59729272419628,7.254901960784315,35.88235294117647,0.31095873374613003
608566,"Márquez, Germán",2022,R,2838,115,34,-1.976053583777218,5.954261569905136,-0.0788937019115418,4.6658505517493145,Starter,31,0,2839,781,19.206145966709347,8.066581306017925,22.96243798724309,7.11743772241993,47.15302491103203,0.3264867577319588
621111,"Buehler, Walker",2022,R,1046,119,46,-1.4660220536052262,5.551433516447045,-0.0412682435080759,4.095947804129474,Starter,12,0,1046,274,21.16788321167883,6.204379562043796,24.807692307692307,6.598984771573605,41.62436548223351,0.3196928666666667
676664,"Sears, JP",2022,L,1078,133,22,2.184476177988019,4.913310198514933,0.2120984678168788,4.125506267052277,Starter,11,6,1079,289,17.647058823529413,7.612456747404845,19.919517102615693,8.962264150943396,43.39622641509434,0.3271909198606272
621112,"Blackburn, Paul",2022,R,1761,133,50,-1.3514283977879695,5.964208262617084,0.1025572963323992,4.232492371960914,Starter,21,0,1762,467,19.05781584582441,5.995717344753747,23.596938775510203,6.997084548104956,40.524781341107875,0.31437423593073593
621368,"Hearn, Taylor",2022,L,1773,140,36,2.0059550950023857,6.272430344700355,0.0179632599006889,4.8223958016011625,Reliever,13,18,1787,451,21.507760532150776,9.534368070953436,22.235157159487777,9.803921568627452,40.19607843137255,0.3372049910514542
605242,"Fulmer, Michael",2022,R,1042,142,39,-1.721079630327787,5.9249959269063925,0.018782491335393,4.536866643401389,Reliever,0,67,1043,271,22.509225092250922,8.118081180811808,28.749999999999996,4.395604395604396,36.81318681318682,0.30183864074074074
650556,"Abreu, Bryan",2022,R,1184,117,40,-1.707359727615378,5.7663370009099815,0.0294061245904995,4.29547473781435,Reliever,0,55,1019,249,35.34136546184739,10.441767068273093,39.12175648702595,3.8461538461538463,32.30769230769231,0.2690453279352227
661309,"Martinez, Adrián",2022,R,1015,133,18,-2.322089846959214,5.578260323163,-0.104494980813642,4.841866351167427,Starter,12,0,1015,260,20.0,6.923076923076923,24.016563146997928,10.326086956521738,37.5,0.3540117480620155
543037,"Cole, Gerrit",2022,R,3578,147,40,-1.798296603619829,5.737964986014043,-0.1242809945457933,4.346283996103139,Starter,33,0,3274,796,32.28643216080402,6.281407035175879,33.92517438173748,9.523809523809524,40.165631469979296,0.2843039821656051
543294,"Hendricks, Kyle",2022,R,1347,112,47,-1.4765402596565842,6.2435418312618935,0.1530989855981537,4.475583322680494,Starter,16,0,1347,357,18.207282913165265,6.722689075630252,23.941368078175895,9.923664122137405,38.93129770992366,0.34476845170454545
571710,"Givens, Mychal",2022,R,1044,121,5,-2.753182744582036,4.55180689230449,-0.5711473417405972,4.34266410607085,Reliever,1,58,1026,258,27.131782945736433,8.13953488372093,27.078891257995735,8.176100628930817,37.735849056603776,0.29943750592885376
623167,"Flexen, Chris",2022,R,2200,136,66,-0.5848232550621941,6.9120614744107485,0.3321181671122998,4.844729002754819,Starter,22,11,2204,589,16.129032258064516,8.149405772495756,21.74721189591078,9.049773755656108,40.04524886877828,0.3303752363013699
665152,"Kremer, Dean",2022,R,1867,110,38,-1.7917996541289165,5.889546204052478,-0.0319318763742532,4.539055606619145,Starter,21,1,1947,513,16.95906432748538,6.627680311890838,22.188449848024316,7.2727272727272725,39.22077922077922,0.32627379371316306
665665,"Sanmartin, Reiver",2022,L,1020,113,21,2.4509208193575587,5.261970860830846,0.4253787119464539,4.483278117682011,Reliever,4,41,1031,254,18.503937007874015,10.62992125984252,25.53191489361702,7.222222222222221,35.55555555555556,0.30552812698412696
621121,"McCullers Jr., Lance",2022,R,1022,117,25,-2.3190136892610687,5.256156746503719,-0.2683554191041297,4.301800191334319,Starter,8,0,759,196,25.0,11.224489795918368,27.134146341463417,4.878048780487805,32.52032520325203,0.294048041025641
506433,"Darvish, Yu",2022,R,3352,135,40,-1.7738461408128088,5.468337091366894,-0.2141030274314108,4.173846995780848,Starter,30,0,2971,771,25.421530479896237,4.798962386511025,25.135501355013552,8.761904761904763,37.142857142857146,0.290851671875
672578,"Hernández, Carlos",2022,R,1001,118,42,-1.6307060933801787,6.110521404995497,0.1812884495183961,4.451492335828172,Reliever,7,20,1035,266,13.157894736842104,11.278195488721805,23.625254582484725,8.040201005025125,38.19095477386934,0.35049823106060607
425794,"Wainwright, Adam",2022,R,3132,138,46,-1.609926744850162,6.305534382186044,-0.1122170234574731,4.744019084011173,Starter,32,0,3133,805,17.391304347826086,6.583850931677018,16.886930983847286,6.51085141903172,36.56093489148581,0.32775520973782774
605507,"Thompson, Zach",2022,R,2079,134,47,-1.6044756131279525,6.636861512053892,0.0836566251600119,4.820962989027881,Starter,22,7,2080,545,16.51376146788991,8.440366972477065,23.950870010235413,6.435643564356436,39.603960396039604,0.34663375785582257
682051,"Hill, Garrett",2022,R,1019,116,36,-1.7453576458000604,5.306058047629836,-0.0346583934653351,4.077214050071804,Reliever,8,9,1019,263,15.209125475285171,11.02661596958175,19.616204690831555,9.473684210526317,39.473684210526315,0.3634825496183206
502085,"Robertson, David",2022,R,1182,143,42,-1.432441626103265,5.786394565948635,0.1118784248878752,4.415631407611497,Reliever,0,58,1060,263,30.798479087452474,12.927756653992395,33.04904051172708,7.586206896551724,38.62068965517241,0.2732173091603053
596295,"Gomber, Austin",2022,L,2058,115,55,0.9351530946868968,6.63503861763472,-0.3912398824031774,4.719006943253485,Reliever,17,16,2059,531,17.890772128060263,6.214689265536723,21.924603174603174,8.542713567839195,35.92964824120603,0.32928567238095235
675911,"Strider, Spencer",2022,R,2328,144,46,-1.4441679319342706,5.692365995298998,-0.0195638878169199,4.236831630280981,Starter,20,11,2277,528,38.25757575757576,8.333333333333332,34.885764499121265,6.115107913669065,35.97122302158273,0.24233467741935483
622663,"Severino, Luis",2022,R,1808,147,43,-1.3934924061341365,5.997710781214113,0.1837292460326849,4.537997006767307,Starter,19,0,1639,406,27.339901477832512,7.389162561576355,27.791563275434246,6.94980694980695,41.312741312741316,0.26759043000000005
608328,"De Jong, Chase",2022,R,1174,134,51,-1.2196365977548471,6.17989621915373,0.1980559315471581,4.435035235433804,Reliever,0,42,1174,293,19.795221843003414,9.897610921501707,25.0,8.585858585858585,39.39393939393939,0.30608152068965516
689225,"Brieske, Beau",2022,R,1287,116,49,-1.1475583311935456,6.038119126255205,0.3760895401983635,4.29326563392045,Starter,15,0,1287,340,15.88235294117647,7.352941176470589,17.972350230414747,10.424710424710424,41.312741312741316,0.35955730860534124
656970,"Smeltzer, Devin",2022,L,1129,142,33,2.0951596632032072,5.883636040846658,0.2128778040131424,4.64196819602791,Starter,12,3,1129,287,13.937282229965156,6.620209059233449,18.525519848771268,7.048458149779736,39.20704845814978,0.3216363122807017
608331,"Fried, Max",2022,L,2878,144,50,1.396724264968208,6.0342143221176014,-0.1462316622258228,4.214899438824743,Starter,30,0,2818,734,23.160762942779293,4.087193460490464,25.875625446747673,3.984819734345351,32.06831119544592,0.2636507900552486
592716,"Sampson, Adrian",2022,R,1607,112,36,-2.087705548368803,5.744222726384226,-0.2530666462568509,4.420287432378624,Starter,19,2,1694,430,16.97674418604651,6.279069767441861,21.052631578947366,6.748466257668712,35.88957055214724,0.32446022014051523
663372,"Feltner, Ryan",2022,R,1675,115,35,-1.7880419534019232,5.234501327709434,-0.0152488463032431,3.9716573837763054,Starter,19,1,1675,428,19.39252336448598,8.177570093457943,20.69857697283312,8.25082508250825,42.57425742574257,0.3394592622950819
676684,"Vest, Will",2022,R,1083,116,44,-1.5131284220553909,5.64276287644245,-6.7178794627e-05,4.184476521117972,Reliever,2,57,1083,273,22.71062271062271,8.058608058608058,23.653846153846153,7.103825136612022,44.26229508196721,0.31029742379182157
592717,"Sanchez, Aaron",2022,R,1004,142,30,-1.8838632807662303,5.708354927014695,0.0334761478151564,4.579171140393858,Starter,10,5,1006,267,15.355805243445692,5.2434456928838955,18.067226890756302,5.88235294117647,48.03921568627451,0.32770030916030535
664141,"Brubaker, JT",2022,R,2376,134,44,-1.4431015078787142,6.201935912483282,0.2669044320207422,4.556139555049905,Starter,28,0,2381,646,22.60061919504644,8.359133126934983,27.330316742081447,7.568807339449542,41.284403669724774,0.3286999891135303
641360,"Bickford, Phil",2022,R,990,119,29,-2.158012071850222,5.093091324980571,-0.1685444045625596,3.9775225871009576,Reliever,0,60,990,247,27.125506072874494,5.668016194331984,25.149700598802394,11.585365853658537,34.756097560975604,0.2898845983606557
608337,"Giolito, Lucas",2022,R,2752,145,57,-1.195879633224253,6.368246368066514,0.1291760471075322,4.341562532969055,Starter,30,0,2753,698,25.358166189111746,8.595988538681947,28.450920245398777,7.456140350877193,39.03508771929825,0.31837373314203726
657746,"Ryan, Joe",2022,R,2318,142,26,-1.926738243864084,5.033496976774598,0.0421457341137098,4.060219387179921,Starter,27,0,2391,605,24.958677685950413,7.768595041322314,25.594749794913863,8.585858585858585,35.35353535353536,0.29355074295190714
643410,"Leiter Jr., Mark",2022,R,1086,112,50,-1.2629560812592644,5.735723739742394,0.0934799260069002,4.133640376629471,Reliever,4,31,1086,281,25.97864768683274,8.185053380782918,28.958333333333336,6.214689265536723,34.463276836158194,0.30617001071428573
672851,"Adon, Joan",2022,R,1200,120,37,-1.8749101630640896,6.031884283284669,-0.07005999442959,4.662899817513369,Starter,14,0,1204,309,17.79935275080906,12.297734627831716,16.729323308270676,10.0,37.142857142857146,0.3712355519480519
475479,"Phelps, David",2022,R,1151,141,40,-1.6345744582113253,6.145548285366318,0.1438257128963268,4.635698746188309,Reliever,1,64,1151,273,23.44322344322344,11.355311355311356,19.305856832971802,5.202312138728324,34.68208092485549,0.3071700592592592
571479,"Bellatti, Andrew",2022,R,1057,143,28,-2.135076811075206,5.468450786649314,-0.2154185717152605,4.43645305121446,Reliever,1,58,963,230,33.47826086956522,10.869565217391305,37.44493392070485,12.698412698412698,35.714285714285715,0.2968157772925764
666200,"Luzardo, Jesús",2022,L,1563,146,36,1.8283719773404192,5.90004440663308,-0.0158651740961608,4.563486645613869,Starter,18,0,1644,402,29.850746268656714,8.706467661691542,31.65562913907285,6.584362139917696,39.09465020576132,0.2866544371859297
608344,"Irvin, Cole",2022,L,2607,133,42,1.934405660191764,6.119002535910445,0.247559212889745,4.5751633974278745,Starter,30,0,2610,738,17.208672086720867,4.471544715447155,20.50147492625369,9.649122807017543,39.473684210526315,0.3239905603799186
596057,"Norris, Daniel",2022,L,1010,116,35,2.16783169023566,5.677794510067086,0.3876804464269958,4.431001198531615,Reliever,3,38,1012,251,26.294820717131472,11.155378486055776,31.422018348623855,10.81081081081081,40.54054054054054,0.3267201726907631
666201,"Manoah, Alek",2022,R,3027,141,38,-2.310891390128653,5.884298803750562,-0.3442064581864825,4.338031678735703,Starter,31,0,2949,787,22.744599745870396,6.480304955527319,24.84599589322382,5.380333951762523,31.539888682745826,0.2840883001277139
600921,"Machado, Andrés",2022,R,991,120,36,-1.7370544633589498,5.425425657395643,0.029250968430671,4.123522329306003,Reliever,0,51,997,262,17.557251908396946,10.305343511450381,23.935091277890468,8.55614973262032,42.780748663101605,0.3520289
518489,"Brasier, Ryan",2022,R,985,111,40,-1.750766319489748,5.712592887402882,-0.1323465826976846,4.359678230769927,Reliever,0,68,985,262,24.427480916030532,4.580152671755725,25.231910946196663,8.64864864864865,46.48648648648649,0.30893565267175566
623451,"Stephens, Jackson",2022,R,971,144,42,-1.9392268327089293,6.114487304109844,-0.211943551404271,4.558896512131674,Reliever,1,38,944,232,20.25862068965517,8.189655172413794,22.07792207792208,4.938271604938271,32.098765432098766,0.30430906113537115
445276,"Jansen, Kenley",2022,R,1024,144,72,-0.2697736976916289,6.704388566795764,0.4817009308677306,4.448267750981786,Reliever,0,65,1006,261,32.18390804597701,7.2796934865900385,27.308447937131632,7.28476821192053,32.450331125827816,0.23891269260700387
642397,"Soto, Gregory",2022,L,1088,116,31,2.284371130880363,5.481792933610896,0.2739604271521441,4.257920296771785,Reliever,0,64,1102,262,22.900763358778626,12.595419847328243,25.72533849129594,6.172839506172839,43.20987654320987,0.31340246360153257
656222,"Beeks, Jalen",2022,L,999,139,49,1.5489565954350242,6.1295027498791725,0.0395328740505211,4.399386098487082,Reliever,7,35,999,251,27.88844621513944,8.764940239043826,31.1340206185567,8.333333333333332,37.17948717948718,0.29859355020080325
669022,"Gore, MacKenzie",2022,L,1257,135,50,1.3747607165171016,5.904585759347379,-0.0612614786074985,4.181162241394715,Starter,13,3,1258,310,23.225806451612904,11.935483870967742,23.972602739726025,9.693877551020408,45.40816326530612,0.3486322977346279
663903,"Singer, Brady",2022,R,2376,118,32,-1.7684206899016237,5.399784929454923,0.0102321489928998,4.279635865300353,Starter,24,3,2376,624,23.878205128205128,5.6089743589743595,22.90874524714829,8.235294117647058,40.94117647058824,0.3088247280130293
657248,"Otto Jr., Glenn",2022,R,2217,140,43,-1.678115097995251,6.007970703271161,-0.0914898617231777,4.539961435214996,Starter,27,0,2229,587,18.228279386712096,10.562180579216355,23.13803376365442,8.91089108910891,38.11881188118812,0.34273738765008577
605280,"Holmes, Clay",2022,R,1061,147,43,-1.7638140023900912,6.340280665113705,0.0175395338034108,4.694737865179487,Reliever,0,62,981,259,25.096525096525095,6.94980694980695,29.605263157894733,1.8181818181818181,43.03030303030303,0.24351505533596837
607074,"Rodón, Carlos",2022,L,2985,137,49,1.476793742541892,6.514346466243824,-0.081299903767202,4.732262878354931,Starter,31,0,2985,711,33.33333333333333,7.313642756680731,31.182795698924732,6.474820143884892,39.80815347721823,0.2538561909476662
605540,"Woodruff, Brandon",2022,R,2536,158,44,-1.5479738956284383,5.881928026858427,0.0831835776933372,4.322522942005888,Starter,27,0,2538,621,30.595813204508858,6.763285024154589,31.125299281723862,7.086614173228346,37.53280839895013,0.2768151430894309
554340,"García, Yimi",2022,R,1052,141,23,-2.5638543839235965,5.105369399058445,-0.3136807791626849,4.13650926136787,Reliever,0,61,1039,246,23.577235772357724,5.284552845528456,24.14486921529175,6.508875739644971,33.13609467455622,0.26567427868852456
676710,"Crawford, Kutter",2022,R,1296,111,47,-1.4137249654829065,6.010545889186528,0.0562974746099337,4.451456467314763,Reliever,12,9,1296,334,22.75449101796407,8.383233532934131,25.5663430420712,8.849557522123893,38.93805309734513,0.33080858258258256
622694,"Hernández, Elieser",2022,R,1092,146,38,-1.57273934507489,5.298498409203725,-0.0750025291701762,4.144153482383622,Reliever,10,10,1095,279,21.50537634408602,7.526881720430108,24.861878453038674,13.020833333333334,35.9375,0.3367417906137184
471911,"Carrasco, Carlos",2022,R,2412,121,34,-2.087419023225507,5.698976652586626,-0.2220182832125763,4.425036306103173,Starter,29,0,2412,646,23.52941176470588,6.037151702786378,27.627388535031848,6.997742663656885,39.503386004514674,0.313007409733124
605288,"Houser, Adrian",2022,R,1847,158,44,-1.6980283912534757,5.982825273829596,-0.0170203384203511,4.341180910364832,Starter,21,1,1848,456,15.131578947368421,9.868421052631579,17.063989962358846,5.637982195845697,41.54302670623146,0.3404410332594235
642152,"Trivino, Lou",2022,R,1005,147,34,-2.0900374054461563,6.017259406225763,-0.1676535664813187,4.705178237156459,Reliever,0,64,955,249,26.907630522088354,8.835341365461847,27.75330396475771,7.096774193548387,47.096774193548384,0.3233758870967741
623465,"Phillips, Evan",2022,R,976,119,29,-2.0681641012254173,5.383503456026835,-0.171938077861547,4.329039930707751,Reliever,0,64,923,233,33.047210300429185,6.008583690987124,30.09478672985782,4.3478260869565215,31.15942028985507,0.23121328260869567
547179,"Lorenzen, Michael",2022,R,1654,108,34,-1.943714924980103,5.622702880069912,-0.1026022699252285,4.35914509706928,Starter,18,0,1654,411,20.437956204379564,10.70559610705596,25.158831003811944,6.83453237410072,37.05035971223021,0.30683598053527983
657006,"Steele, Justin",2022,L,2032,112,46,1.5104592992809065,6.101266580654297,0.0028017161687509,4.524969985841512,Starter,24,0,2032,512,24.4140625,9.765625,24.037460978147763,3.91566265060241,33.734939759036145,0.2945882657480315
594798,"deGrom, Jacob",2022,R,1039,121,32,-2.0534875483726074,5.601914940063705,-0.0388723437454428,4.326901129994389,Starter,11,0,940,239,42.67782426778243,3.3472803347280333,41.47286821705426,9.30232558139535,31.782945736434108,0.23418887394957985
571760,"Heaney, Andrew",2022,L,1285,119,27,2.404002289507094,5.113013880533668,0.3775282896023639,4.078761554200741,Starter,14,2,1230,310,35.483870967741936,6.129032258064516,35.77106518282989,11.046511627906977,47.674418604651166,0.28678121895424835
601713,"Pivetta, Nick",2022,R,2979,111,55,-1.1470906501816525,6.58468836822135,0.1409329018219635,4.724306509081092,Starter,33,0,3082,774,22.35142118863049,9.431524547803617,23.53342428376535,9.038461538461538,45.57692307692307,0.3318043857142857
671345,"Foley, Jason",2022,R,961,116,28,-2.362495887909888,5.662275783234381,-0.218306052351884,4.533945368479433,Reliever,0,60,961,257,16.731517509727624,4.280155642023346,16.70103092783505,4.5,42.5,0.2955693307086614
623474,"Herget, Jimmy",2022,R,996,108,1,-2.9481882096530017,4.938694577631712,-0.6410612592974397,4.905462528635035,Reliever,1,48,996,263,23.954372623574145,4.562737642585551,25.267665952890795,6.486486486486487,36.21621621621622,0.26656975675675676
656756,"Montgomery, Jordan",2022,L,2620,138,42,1.7323552883662316,6.508141515351233,-0.0867300154100502,4.864768582377431,Starter,32,0,2715,728,21.703296703296704,4.945054945054945,27.418181818181818,7.088122605363985,37.547892720306514,0.30960732409972297
425844,"Greinke, Zack",2022,R,2169,118,43,-1.544685636343778,6.204913349075636,-0.0219683562087394,4.776555592866257,Starter,26,0,2272,586,12.457337883959044,4.607508532423208,17.349857006673023,6.846473029045644,39.62655601659751,0.3363077517123288
518516,"Bumgarner, Madison",2022,L,2713,109,24,2.5947295542888225,5.629548553356413,0.527696601331281,4.690958444158412,Starter,30,0,2715,701,15.977175463623395,6.990014265335236,18.11263318112633,9.848484848484848,43.18181818181818,0.35776524103299856
669302,"Gilbert, Logan",2022,R,3008,136,50,-1.4299127076193177,6.093184055474374,0.0763808088709371,4.327359510793554,Starter,32,0,3015,767,22.685788787483702,6.127770534550195,24.176548089591567,7.076350093109869,45.62383612662943,0.31392116886543536
543606,"Odorizzi, Jake",2022,R,1850,144,40,-1.575576653692191,5.977858489172714,0.0471277360890303,4.593117323698031,Starter,22,0,1798,454,18.94273127753304,7.488986784140969,22.197558268590456,7.29483282674772,33.130699088145896,0.3143213636363636
592761,"Smith, Caleb",2022,L,1234,109,47,1.1590176706572295,6.273847147638546,-0.3556523209018393,4.661451473621718,Reliever,1,43,1234,302,21.52317880794702,12.582781456953644,28.785357737104828,6.598984771573605,29.949238578680205,0.3051116166666667
608379,"Wacha, Michael",2022,R,1949,111,55,-1.0822838008158024,6.637020332609861,0.1982737961969619,4.836317799383385,Starter,23,0,1949,516,20.155038759689923,6.007751937984496,20.73170731707317,9.574468085106384,35.37234042553192,0.32903905098039216
657277,"Webb, Logan",2022,R,3005,137,14,-2.646673092205859,4.8256580023299485,-0.4434398527409754,4.28554920106418,Starter,32,0,3006,789,20.659062103929024,6.2103929024081115,24.014084507042256,5.467372134038801,38.97707231040564,0.29455249615384616
676477,"Whitlock, Garrett",2022,R,1166,111,36,-1.9629184362132712,5.6026906588045655,-0.1679802213946547,4.311262286088616,Reliever,9,22,1166,311,26.366559485530544,4.823151125401929,29.48073701842546,7.981220657276995,38.967136150234744,0.2777366870967742
519293,"Smith, Will",2022,L,985,117,42,1.7080520318090933,6.539947629581399,0.0043471836911968,5.005255268872659,Reliever,0,65,985,259,25.096525096525095,8.494208494208493,30.938123752495013,5.9171597633136095,41.42011834319527,0.2937162558139535
592767,"Smyly, Drew",2022,L,1723,112,44,1.6379695681644737,6.420476454926839,-0.0420011462823931,4.791053926068926,Starter,22,0,1814,447,20.3579418344519,5.8165548098434,25.95338983050847,8.615384615384615,34.46153846153846,0.3154380068649885
641154,"López, Pablo",2022,R,2905,146,30,-2.376614250909263,5.458399022831232,-0.3231543901810457,4.2914148584559815,Starter,32,0,2910,736,23.641304347826086,7.065217391304348,28.135828135828135,8.982035928143713,35.12974051896208,0.3005768283378747
519043,"Moore, Matt",2022,L,1215,140,44,1.6277023406547315,6.394250446774694,-0.0871422048370414,4.743566342436713,Reliever,0,63,1248,302,27.483443708609272,11.920529801324504,31.121642969984205,4.395604395604396,31.318681318681318,0.2632059700996678
669060,"Wilson, Bryse",2022,R,1825,134,38,-2.055394002698415,5.479858096840708,-0.2646658258491442,4.070368622860351,Starter,20,5,1825,510,15.490196078431373,6.078431372549019,17.75486827033219,7.731958762886598,43.81443298969072,0.3575801603960396
607625,"Lugo, Seth",2022,R,1116,121,39,-1.9252622749169648,5.637193430898448,-0.0486130464192845,4.13901463312761,Reliever,0,62,1079,272,25.36764705882353,6.25,23.26086956521739,8.241758241758241,32.967032967032964,0.2902704317343173
624522,"Thompson, Keegan",2022,R,1808,112,42,-1.5010439832683935,5.779629763950346,0.1566255681818179,4.308323380834638,Reliever,17,12,1878,485,21.855670103092784,8.8659793814433,24.452133794694348,8.615384615384615,39.07692307692307,0.32546022708333333
663436,"Martin, Davis",2022,R,1042,145,45,-1.6590441315488005,6.2272020751229205,-0.0871202734697089,4.632749915492278,Starter,9,5,1044,271,17.712177121771216,6.642066420664207,24.1635687732342,7.07070707070707,37.878787878787875,0.3340342083333333
642701,"Santana, Dennis",2022,R,991,140,28,-2.4555102755728413,5.739854271919994,-0.3488514096566063,4.596285251038315,Reliever,1,62,991,254,21.25984251968504,10.62992125984252,27.397260273972602,4.733727810650888,33.13609467455622,0.30596433070866147
645261,"Alcantara, Sandy",2022,R,3237,146,34,-2.264335658478535,6.050368765804355,-0.1772783112705863,4.646218920134122,Starter,32,0,3248,889,23.28458942632171,5.511811023622047,25.389497980380842,5.32258064516129,38.54838709677419,0.26619133295454545
656271,"Burke, Brock",2022,L,1291,140,41,1.7549805801189222,6.220279994559019,0.0606948088438953,4.724358642307707,Reliever,0,52,1330,327,27.522935779816514,7.033639143730887,24.600638977635782,7.0754716981132075,39.15094339622642,0.2839025944272446
664208,"Maton III, Phil",2022,R,1078,117,27,-2.140468507751492,5.234105109662713,-0.155430268967091,4.218762987591728,Reliever,0,67,1089,282,25.886524822695034,8.51063829787234,30.056710775047257,6.25,29.545454545454547,0.32008057142857144
656529,"Hentges, Sam",2022,L,1040,114,39,1.8882102737615725,6.446662198014634,-0.0913019293329219,4.819391760935144,Reliever,0,57,944,244,29.508196721311474,7.377049180327869,29.44915254237288,5.298013245033113,35.099337748344375,0.2611751291666667
595345,"Okert, Steven",2022,L,968,146,30,2.538684660494055,5.710995461463364,0.4643793649916767,4.530267353898733,Reliever,0,60,968,219,28.767123287671232,10.95890410958904,29.571106094808126,5.6000000000000005,29.599999999999998,0.2800016139534884
669330,"Wells, Tyler",2022,R,1649,110,51,-1.491574940544466,6.861858977341002,0.0793311998088833,4.9452275276757165,Starter,23,0,1649,426,17.6056338028169,6.572769953051644,25.149700598802394,7.886435331230284,39.11671924290221,0.3022381425178147
594835,"Gonzales, Marco",2022,L,2773,136,39,1.6216230860487362,5.52178190903192,0.0313896090259203,4.216398361074102,Starter,32,0,2838,782,13.043478260869565,6.265984654731457,18.25726141078838,7.223113964686998,34.99197431781702,0.3300758648648648
661395,"Duran, Jhoan",2022,R,991,142,37,-1.8554432032037176,6.072277419043487,0.0810257479526073,4.635536416608658,Reliever,0,57,1023,265,33.58490566037736,4.905660377358491,34.69750889679715,4.45859872611465,35.03184713375796,0.2319943448275862
453268,"Bard, Daniel",2022,R,953,115,30,-2.229414316524403,5.842159449042836,-0.1849210656656062,4.658207224020964,Reliever,0,57,953,244,28.278688524590162,9.836065573770492,27.505827505827508,4.72972972972973,37.83783783783784,0.24652055555555555
650644,"Civale, Aaron",2022,R,1590,114,46,-1.132020267731094,6.249793179507005,0.3639188859740578,4.727269689794728,Starter,20,0,1588,407,24.078624078624077,5.159705159705159,24.327956989247312,7.5,40.35714285714286,0.30290151851851854
592789,"Syndergaard, Noah",2022,R,2138,143,39,-1.7313326095809067,6.237935734441127,0.0217974787772068,4.810608478195262,Starter,24,1,2026,565,16.8141592920354,5.486725663716814,20.118929633300297,7.816091954022989,34.02298850574713,0.32437529537366544
641941,"Pagán, Emilio",2022,R,1126,142,43,-1.4063581311831506,5.543064135397653,0.2038456682592301,4.064290371719496,Reliever,0,59,1126,274,30.656934306569344,8.75912408759124,30.756013745704468,9.815950920245399,44.785276073619634,0.30638770848708485
592791,"Taillon, Jameson",2022,R,2883,147,43,-1.6984564664450224,6.092128887900989,-0.020496665930901,4.513335435922546,Starter,32,0,2805,729,20.713305898491083,4.38957475994513,23.00435413642961,8.348794063079778,36.178107606679035,0.3170219847645429
571800,"Hutchison, Drew",2022,R,1759,116,46,-1.9095930307679367,6.106816101223955,-0.4360971010307066,4.601210958361327,Starter,18,10,1759,463,14.47084233261339,8.855291576673865,20.023837902264603,8.806818181818182,40.909090909090914,0.353657114967462
656793,"Nelson, Nick",2022,R,1234,143,46,-1.527178156195219,5.827982467556319,-0.0720235905869641,4.323145592424392,Reliever,2,45,1204,306,22.22222222222222,11.76470588235294,28.54609929078014,3.5532994923857872,32.48730964467005,0.29654456209150326
608665,"Graveman, Kendall",2022,R,1035,145,43,-1.647081754994103,5.71050886968004,-0.0303348792270531,4.200371845737858,Reliever,0,65,1035,283,23.32155477031802,8.480565371024735,27.21518987341772,4.2105263157894735,34.73684210526316,0.29151058303886923
518553,"Cishek, Steve",2022,R,1159,120,6,-2.85914513029571,4.271898394817423,-0.432150543064508,4.037903137885476,Reliever,0,69,1175,288,25.34722222222222,9.027777777777777,26.095617529880478,8.670520231213873,36.99421965317919,0.3285512736842105
661403,"Clase, Emmanuel",2022,R,1001,114,53,-1.2569526866791287,6.088135626749335,0.1629984465623503,4.219825442471962,Reliever,0,77,921,269,28.624535315985128,2.973977695167286,30.141843971631204,2.185792349726776,32.240437158469945,0.2188043962264151
622491,"Castillo, Luis",2022,R,2718,136,17,-2.342251393979344,5.186510411194512,-0.1195912141805013,4.509020534687216,Starter,25,0,2506,616,27.110389610389614,7.305194805194805,27.764326069410817,6.852791878172589,37.56345177664975,0.283951201309329
502171,"Cobb, Alex",2022,R,2418,137,41,-2.0066892650287484,5.789142048969183,-0.3587500681165766,4.36038231482833,Starter,28,0,2418,632,23.89240506329114,6.80379746835443,24.793388429752067,3.695150115473441,41.10854503464203,0.27708567252396166
450203,"Morton, Charlie",2022,R,2942,144,21,-2.592810638548904,5.411191874108218,-0.3428352149882885,4.562835977441471,Starter,31,0,2903,732,27.86885245901639,8.60655737704918,29.176114890400605,9.502262443438914,42.081447963800905,0.3135002841379311
519326,"Strickland, Hunter",2022,R,1068,113,30,-2.2880538842646043,5.828628238888648,-0.3691219520886325,4.73277613519531,Reliever,0,66,1099,283,21.20141342756184,11.307420494699647,28.076923076923077,9.782608695652174,37.5,0.3539975053380783
663455,"Pilkington, Konnor",2022,L,1039,114,39,2.0754393682369017,5.879560159242264,0.2664632649314867,4.399070222121571,Starter,11,4,1039,258,19.379844961240313,12.4031007751938,27.84552845528455,12.068965517241379,44.827586206896555,0.3362838527131783
543135,"Eovaldi, Nathan",2022,R,1715,111,32,-2.4996593809655354,5.500856026111605,-0.498315837763677,4.273078156769203,Starter,20,0,1739,461,22.342733188720175,4.3383947939262475,25.219298245614034,10.714285714285714,45.23809523809524,0.32068222149122805
642207,"Williams, Devin",2022,R,1068,158,26,-2.0978541851967147,5.272521591216162,-0.2791630161495987,4.380266340286541,Reliever,0,65,1068,240,40.0,12.083333333333334,40.83665338645419,0.9009009009009009,27.027027027027028,0.22280006276150627
542881,"Anderson, Tyler",2022,L,2606,119,45,1.496945312923408,6.018117126555477,-0.032723557353591,4.475096548756954,Starter,28,2,2576,707,19.519094766619517,4.809052333804809,24.22680412371134,4.942965779467681,28.517110266159694,0.27468375971223025
605347,"López, Jorge",2022,R,1159,142,36,-1.7162771706679447,5.845403795811582,0.0400023972660678,4.588213361524709,Reliever,0,67,1161,294,24.489795918367346,8.843537414965986,24.30939226519337,4.787234042553192,32.97872340425532,0.28396494827586205
502179,"Espino, Paolo",2022,R,1847,120,52,-1.1146816963239936,5.746130945565417,0.1009244190849544,4.203076285965481,Reliever,19,23,1873,487,18.480492813141684,4.9281314168377826,21.377672209026127,7.8590785907859075,41.19241192411924,0.33594103080082144
663460,"Bubic, Kris",2022,L,2198,118,41,1.8212530906782065,5.704065081862186,0.1144196595835786,4.236679513258691,Starter,27,1,2262,587,18.739352640545146,10.732538330494037,21.260583254938854,7.804878048780488,44.87804878048781,0.36166277606837605
446372,"Kluber, Corey",2022,R,2454,139,32,-2.332413555804849,5.327812142883887,-0.5222468367698265,4.197771550613284,Starter,31,0,2454,690,20.0,3.0434782608695654,23.86634844868735,6.9364161849710975,34.68208092485549,0.30964738573508005
453286,"Scherzer, Max",2022,R,2243,121,28,-2.355386568869416,5.570723175936005,-0.4035034309553272,4.532927799698484,Starter,23,0,2167,567,30.511463844797177,4.232804232804233,30.565371024734983,8.403361344537815,33.89355742296919,0.2649073327370304
622503,"Crismatt, Nabil",2022,R,1062,135,34,-2.0523980250228147,5.467625858673233,-0.2708179724295129,4.275619870187417,Reliever,1,49,1062,280,23.214285714285715,7.5,26.58730158730159,5.2356020942408374,36.12565445026178,0.29041744604316544
593576,"Neris, Héctor",2022,R,1067,117,34,-1.9598508865123592,5.917789643151253,-0.0609216725388289,4.651205813357124,Reliever,0,70,1012,264,29.924242424242426,6.4393939393939394,30.33932135728543,6.832298136645963,44.72049689440994,0.2832592595419847
542888,"Armstrong, Shawn",2022,R,1065,139,42,-1.8170252094186727,5.885264813795627,-0.1426938511042487,4.377666159189237,Reliever,3,47,1047,268,24.62686567164179,5.970149253731343,26.1101243339254,7.6923076923076925,33.51648351648351,0.2820817894736842
595881,"Beede, Tyler",2022,R,1072,134,36,-2.211431671883972,5.362603293974267,-0.2791278534632985,3.973754833536197,Reliever,5,26,1072,284,13.732394366197184,9.507042253521126,20.253164556962027,5.188679245283019,42.45283018867924,0.3378980671378092
664747,"Díaz, Alexis",2022,R,1010,113,17,-2.5300422870098207,4.851769304924249,-0.4508543221969253,4.225386487442861,Reliever,0,59,1077,253,32.80632411067194,11.857707509881422,36.48393194706994,7.462686567164178,32.83582089552239,0.26002954
670124,"Oller, Adam",2022,R,1294,133,38,-1.7995003236173686,5.7703854887209465,-0.1114776984546804,4.4339575274749485,Starter,14,5,1294,337,13.353115727002967,11.572700296735905,21.17834394904459,10.040160642570282,41.76706827309237,0.365540005952381
622253,"Tate, Dillon",2022,R,1054,110,26,-2.166981069856845,5.259395782568306,-0.1919979977811376,4.305500485629821,Reliever,0,67,1077,293,20.477815699658702,4.778156996587031,23.238095238095237,5.263157894736842,38.27751196172249,0.2767824379310345
656302,"Cease, Dylan",2022,R,3120,145,53,-1.1818627827256651,6.304984705745136,0.1014218740573152,4.573127081219431,Starter,32,0,3120,750,30.0,10.133333333333333,33.243060257278266,6.150341685649203,31.207289293849662,0.25703938326585696
641712,"Hudson, Dakota",2022,R,2253,138,34,-1.914017777959703,6.1041895143289215,-0.0620313015800679,4.8327881384535445,Starter,26,1,2253,598,12.709030100334449,10.200668896321071,17.641129032258064,6.026785714285714,40.401785714285715,0.34317251433389545
663474,"McKenzie, Triston",2022,R,2978,114,52,-1.1795804468959297,6.478958947686939,0.208150778128456,4.708115114301746,Starter,30,1,2807,743,25.3028263795424,5.921938088829071,26.65764546684709,9.760956175298805,40.63745019920319,0.29304979837618406
663986,"Stephan, Trevor",2022,R,1107,114,35,-1.980632281376654,5.782123642778178,-0.0902220033106451,4.437337126163597,Reliever,0,66,1032,266,30.82706766917293,6.015037593984962,35.26011560693642,3.067484662576687,34.355828220858896,0.23909067175572518
476595,"Luetge, Lucas",2022,L,959,147,45,1.5124127392711073,6.125137756672199,-0.0611431842810116,4.567583162422232,Reliever,0,50,971,250,24.0,6.4,27.48267898383372,5.294117647058823,23.52941176470588,0.293935024
448179,"Hill, Rich",2022,L,1965,111,36,2.315415895106953,5.596623583248127,0.458560289287124,4.255492749633745,Starter,26,0,1990,526,20.722433460076044,7.0342205323193925,21.951219512195124,8.24468085106383,34.04255319148936,0.3130427099236641
621237,"Alvarado, José",2022,L,1063,143,57,0.8116034223822699,6.528947309854012,-0.5129942676446265,4.498143234430516,Reliever,0,59,881,212,38.20754716981132,9.433962264150944,38.44282238442822,6.481481481481481,34.25925925925926,0.24905307655502393
593334,"Germán, Domingo",2022,R,1105,147,29,-2.3581180127738333,5.428382776781545,-0.2013907832651777,4.245751158322649,Starter,14,1,1081,298,19.463087248322147,6.375838926174497,24.349442379182157,6.912442396313365,40.55299539170507,0.3023130909090909
681911,"Vesia, Alex",2022,L,1005,119,55,1.0315560147072145,5.787539617073533,-0.2765795717490975,3.93218380486161,Reliever,0,63,951,226,34.95575221238938,10.176991150442479,33.549783549783555,6.557377049180328,34.42622950819672,0.26085508035714283
643511,"Rogers, Tyler",2022,R,1162,137,-61,-2.652253421421192,1.204709659435957,-1.4480116957516844,3.3951429050042794,Reliever,0,68,1166,319,15.360501567398119,7.210031347962382,19.157088122605366,3.7344398340248963,32.780082987551864,0.2861999272151899
666808,"Doval, Camilo",2022,R,1121,137,19,-2.1364940334451217,5.275620131621007,-0.0074279532216746,4.562416644245894,Reliever,0,68,1121,285,28.07017543859649,9.824561403508772,30.740037950664135,4.624277456647398,36.41618497109826,0.2659484787234042
642232,"Yarbrough, Ryan",2022,L,1355,139,20,2.921110389708536,5.118387577683915,0.7204211510152535,4.313920157862543,Reliever,9,11,1355,356,17.134831460674157,6.179775280898876,22.173274596182086,7.2796934865900385,31.03448275862069,0.3237077457142857
643256,"Cimber, Adam",2022,R,1058,141,-28,-3.4371000130255585,2.070358721312193,-1.3837605744703794,3.1768174242424227,Reliever,0,77,1044,292,19.863013698630137,4.10958904109589,20.715630885122412,5.14018691588785,38.78504672897196,0.29718275
458681,"Lynn, Lance",2022,R,2022,145,30,-2.581493493919817,5.519930003624385,-0.5336524707716015,4.34456224498432,Starter,21,0,2022,512,24.0234375,3.7109375,28.544423440453688,6.685236768802229,38.71866295264624,0.29609445401174167
592826,"Velasquez, Vince",2022,R,1285,145,43,-1.570695680063232,5.631658443695359,0.0968688152063089,4.095027846397138,Reliever,9,18,1286,321,21.49532710280374,7.78816199376947,25.0,13.004484304932735,44.39461883408072,0.33195591798107255
663738,"Lynch IV, Daniel",2022,L,2435,118,39,1.5589879329289489,5.804917443264928,-0.1732048647728643,4.377926184797609,Starter,27,0,2435,600,20.333333333333332,8.333333333333332,25.432098765432098,8.788598574821853,47.74346793349169,0.3449920420168067
621242,"Díaz, Edwin",2022,R,963,121,23,-2.657549487309921,4.987932601167969,-0.62027585780843,4.138674372365765,Reliever,0,61,928,234,50.427350427350426,7.264957264957266,49.8960498960499,4.123711340206185,38.144329896907216,0.20241662660944207
502202,"Boxberger, Brad",2022,R,1090,158,36,-1.8210928887515336,5.775435946404142,-0.082595585864037,4.502873746586206,Reliever,0,70,1090,267,25.468164794007492,9.737827715355806,24.358974358974358,6.432748538011696,33.91812865497076,0.2894498863636364
571578,"Corbin, Patrick",2022,L,2623,120,43,1.5344847189290924,6.37388916113161,-0.1628784420079332,4.765237287181885,Starter,31,0,2623,714,17.92717086834734,6.722689075630252,20.739549839228296,10.964083175803403,44.99054820415879,0.3807351241184767
682171,"Murfee, Penn",2022,R,1042,136,0,-3.178774223817549,4.177003485265596,-0.9194084182687204,4.174800546306467,Reliever,1,63,1003,271,28.044280442804425,6.273062730627306,25.04970178926441,5.113636363636364,30.113636363636363,0.254243815498155
621244,"Berríos, José",2022,R,2721,141,35,-2.2531252746043133,5.4066620125504405,-0.3842382750587794,4.107931215422924,Starter,32,0,2721,756,19.444444444444446,5.952380952380952,21.239606953892668,9.523809523809524,43.772893772893774,0.34620937650200273
640444,"Crowe, Wil",2022,R,1380,134,45,-1.4715929469077582,5.946652004892058,0.0792193739182101,4.372706134038596,Reliever,1,59,1380,332,20.481927710843372,11.44578313253012,27.47603833865815,4.932735426008969,32.73542600896861,0.31643175528700906
669373,"Skubal, Tarik",2022,L,1912,116,48,1.9313730564426408,6.19892444936085,0.253998898224181,4.348066363533812,Starter,21,0,1914,478,24.476987447698743,6.694560669456067,26.39175257731959,5.5045871559633035,39.44954128440367,0.284514875
554430,"Wheeler, Zack",2022,R,2796,143,35,-2.1136796289222497,5.491390192149462,-0.1567173800935384,4.133470296215115,Starter,26,0,2358,608,26.480263157894733,5.427631578947369,25.126050420168067,7.6923076923076925,34.49131513647642,0.2750398062913907
670912,"Oviedo, Johan",2022,R,980,134,26,-2.294200100460172,5.403554317305142,-0.2603779086179928,4.412862170504567,Reliever,8,13,980,242,22.31404958677686,9.50413223140496,24.78813559322034,6.172839506172839,37.65432098765432,0.277313020661157
640448,"Finnegan, Kyle",2022,R,1042,120,50,-0.9869271262248552,5.692637384275437,0.3533803338225883,4.09691599325649,Reliever,0,66,1053,266,26.31578947368421,7.518796992481203,27.74566473988439,7.954545454545454,43.75,0.2830296240601504
621249,"Underwood Jr., Duane",2022,R,1004,134,46,-1.6317047553965467,6.200517913603083,-0.0692991863206709,4.572122180174135,Reliever,1,50,1004,259,21.62162162162162,9.266409266409266,27.327935222672068,3.488372093023256,36.04651162790697,0.31343380232558143
542914,"Bass, Anthony",2022,R,999,141,48,-1.2147497427079472,5.841555811218059,0.2181819586074489,4.232063231502441,Reliever,0,73,986,275,26.545454545454543,6.909090909090909,31.941544885177453,6.043956043956044,33.51648351648351,0.27140195620437957
665795,"Cabrera, Edward",2022,R,1215,146,43,-1.6659382786826953,6.210706459094859,0.1199147562773706,4.558408330802576,Starter,14,0,1215,292,25.684931506849317,11.301369863013697,31.156716417910445,8.620689655172415,33.33333333333333,0.3115823676975945
592836,"Walker, Taijuan",2022,R,2499,121,43,-1.8932838528322893,6.424228641409187,-0.1746642881038337,4.841264033099877,Starter,29,0,2500,648,20.37037037037037,6.790123456790123,23.584108199492814,7.296137339055794,40.557939914163086,0.30767653810264384
573124,"Rogers, Taylor",2022,L,1085,158,27,1.9276735237032483,5.524744771771018,-0.1256006909978068,4.483171807913786,Reliever,0,66,1085,273,30.76923076923077,6.227106227106227,31.0126582278481,8.75,40.625,0.3131881586715867
657093,"Watkins, Spenser",2022,R,1631,110,53,-1.1181581233646238,6.318596467152323,0.2224851554277584,4.511916939019066,Starter,20,3,1642,460,13.695652173913043,6.521739130434782,19.69309462915601,7.18232044198895,37.569060773480665,0.3444883921568627
606149,"Gallegos, Giovanny",2022,R,1016,138,57,-1.038115691455752,6.769512927418625,0.2226077270797366,4.826126122591122,Reliever,0,57,988,235,31.06382978723404,7.234042553191489,34.81624758220503,9.027777777777777,35.41666666666667,0.26665084978540776
672710,"Contreras, Roansy",2022,R,1588,134,47,-1.177453118756151,5.890364371891286,0.3416183762353122,4.2454855027905385,Starter,18,3,1588,409,21.026894865525673,9.290953545232274,27.549668874172184,11.032028469750891,45.90747330960854,0.32531866830466827
642758,"Acevedo, Domingo",2022,R,1005,133,24,-2.140777071474322,5.470033288014019,0.1262464590594265,4.439074909764904,Reliever,0,70,1005,262,22.137404580152673,4.961832061068702,31.21597096188748,7.446808510638298,32.97872340425532,0.28988965769230773
640455,"Manaea, Sean",2022,L,2515,135,26,2.778972049550162,5.356714505167511,0.6369474777006411,4.328192594486549,Starter,28,2,2482,671,23.248882265275707,7.302533532041728,25.49019607843137,9.090909090909092,42.857142857142854,0.31203617867867867
527048,"Pérez, Martín",2022,L,2954,140,42,1.4995493666124653,5.609027539756438,-0.1864601723455429,4.106775119810954,Starter,32,0,2979,821,20.584652862362972,8.404384896467722,20.9811320754717,4.340277777777778,34.89583333333333,0.2949379482758621
541640,"Ramírez, Erasmo",2022,R,1221,120,33,-1.8929771364807504,5.263672588287659,-0.1619525107265748,4.137106863986007,Reliever,2,58,1222,348,17.52873563218391,3.7356321839080464,21.394611727416798,4.887218045112782,36.09022556390977,0.2909446220930233
605130,"Barlow, Scott",2022,R,1198,118,26,-2.185774989205978,5.152861029663801,-0.1409938350905699,4.168926701439418,Reliever,0,69,1198,290,26.551724137931032,7.241379310344828,32.5497287522604,6.914893617021277,30.319148936170215,0.2686953576388889
434378,"Verlander, Justin",2022,R,2958,117,52,-1.3446340102592815,6.976902417578934,0.1007853641413538,5.10700012124587,Starter,28,0,2607,669,27.65321375186846,4.334828101644246,24.231593995711222,6.278026905829597,34.753363228699556,0.2548145391566265
641482,"Cortes Jr., Nestor",2022,L,2670,147,45,1.7353718142436896,5.612614771073451,0.3075337035256734,4.181642828883675,Starter,28,0,2465,616,26.461038961038962,6.1688311688311686,24.417670682730925,5.339805825242718,34.70873786407767,0.25696536260162606
592332,"Gausman, Kevin",2022,R,2878,141,40,-1.908590767432046,5.948375890254541,-0.0877632604093504,4.442635799023629,Starter,31,0,2783,726,28.09917355371901,3.8567493112947657,29.370179948586117,8.146639511201629,38.4928716904277,0.28475282458563533
477132,"Kershaw, Clayton",2022,L,1922,119,59,1.0279792875801834,6.151486007280137,-0.1272382340420796,4.264628322445237,Starter,22,0,1842,493,27.586206896551722,4.665314401622718,28.87700534759358,4.229607250755287,33.23262839879154,0.2479276285714286
608717,"Stratton, Chris",2022,R,1100,138,39,-1.73424261065846,5.897580603222727,0.0612228892399935,4.466841471722563,Reliever,1,59,1100,279,21.50537634408602,8.24372759856631,26.325757575757574,5.729166666666666,41.14583333333333,0.315107802919708
608718,"Suter, Brent",2022,L,1070,158,53,1.2632163167943768,6.230069993758265,0.0365861480667033,4.590726433604879,Reliever,0,54,1070,273,19.047619047619047,8.058608058608058,26.746506986027946,5.670103092783505,30.412371134020617,0.30039261851851856
640462,"Puk, A.J.",2022,L,1072,133,27,2.4169805100274075,5.545242709215952,0.1824345322185862,4.411755935895389,Reliever,0,62,1072,278,27.33812949640288,7.194244604316546,29.01960784313726,8.771929824561402,35.08771929824561,0.29913974264705884
605135,"Bassitt, Chris",2022,R,2945,121,39,-1.954157810553076,5.584164960782156,-0.0063975947026441,4.01140532798271,Starter,30,0,2886,745,22.14765100671141,6.577181208053691,23.56450410141685,6.601941747572816,32.81553398058252,0.28947002018842527
606160,"Montero, Rafael",2022,R,1264,117,32,-1.7880690957165932,5.084730106431844,0.0983218536350097,3.911868119415487,Reliever,0,71,1093,270,27.037037037037038,7.777777777777778,28.230616302186878,2.9069767441860463,32.55813953488372,0.2567417602996255
656849,"Peterson, David",2022,L,1910,121,36,2.043507263921435,5.8764572196273726,0.0797534462580844,4.451375129863458,Starter,19,9,1889,455,27.692307692307693,10.329670329670328,30.28503562945368,7.6923076923076925,41.39194139194139,0.30803427716186255
668881,"Greene, Hunter",2022,R,2200,113,33,-2.249136561639746,5.937440948237091,-0.2813453626640736,4.662662233957219,Starter,24,0,2200,531,30.69679849340866,9.03954802259887,31.936685288640597,9.385113268608414,40.1294498381877,0.3095853898305085
641745,"Keller, Brad",2022,R,2275,118,48,-1.3852274069831267,6.287085560923489,0.1804041756282932,4.562331368474671,Starter,22,13,2275,616,16.3961038961039,9.090909090909092,21.53153153153153,6.578947368421052,41.44736842105263,0.32291545602605864
669395,"Coleman, Dylan",2022,R,1200,118,34,-1.8236097088452543,5.855318136068139,0.0835143025846701,4.551736883912651,Reliever,0,68,1205,289,24.22145328719723,12.45674740484429,31.21495327102804,6.857142857142858,36.57142857142857,0.3020522986111111
608723,"Voth, Austin",2022,R,1761,110,36,-1.8473992942515125,5.807503687067221,-0.087224721258076,4.526433311975343,Reliever,17,24,1762,442,20.361990950226243,7.013574660633484,24.644549763033176,8.517350157728707,37.22397476340694,0.3235788704545455
605397,"Musgrove, Joe",2022,R,3121,135,36,-2.324587594506298,6.404444510939597,-0.2943088608534794,4.912259938825085,Starter,30,0,2834,739,24.89851150202977,5.548037889039242,25.549658832448824,6.012024048096192,32.46492985971944,0.2818890965986395
670167,"Schreiber, John",2022,R,1011,111,3,-2.9483871106790445,4.007156182540335,-0.6885651079656757,3.8864602559016586,Reliever,0,64,1020,258,28.68217054263566,7.3643410852713185,32.6271186440678,5.0,39.375,0.250277296875
605400,"Nola, Aaron",2022,R,3458,143,21,-2.312487329875574,5.109497606427801,-0.2052302666373874,4.299480206171544,Starter,32,0,3039,811,28.853267570900123,3.45252774352651,27.925531914893615,7.116104868913857,31.647940074906366,0.2587499987515606
606424,"García, Jarlín",2022,L,1015,137,38,1.6714761455104503,5.884887860104072,-0.1098705937672873,4.497913657701323,Reliever,0,58,1015,269,20.817843866171003,6.319702602230483,24.84725050916497,10.76923076923077,41.53846153846154,0.320179254681648
669145,"Zimmermann, Bruce",2022,L,1130,110,43,1.555977705048707,6.127830729875304,-0.1444128227091319,4.544045181092549,Starter,13,2,1130,321,15.264797507788161,3.7383177570093453,18.641114982578397,13.229571984435799,42.80155642023346,0.3807289683544304
518617,"Diekman, Jake",2022,L,1172,145,21,2.8029437466261955,5.483112423963552,0.5251628798525305,4.626867686298842,Reliever,0,70,1172,270,29.259259259259256,14.814814814814813,32.800000000000004,7.142857142857142,39.285714285714285,0.31877701872659175
592858,"Wick, Rowan",2022,R,1131,112,56,-0.984721319107942,5.822632015440094,0.2138685796173625,4.057679698135986,Reliever,0,64,1153,292,23.28767123287671,9.246575342465754,23.497267759562842,10.256410256410255,40.0,0.35240242560553636
622554,"Domínguez, Seranthony",2022,R,966,143,26,-2.2417701924977176,5.525550966521205,-0.2380641889298539,4.527404208139121,Reliever,0,54,823,206,29.61165048543689,10.194174757281553,32.58706467661692,8.130081300813007,45.52845528455284,0.2854458106796116
518876,"Kelly, Merrill",2022,R,3069,109,26,-2.1096249133386675,5.542850921485465,-0.1968767186847485,4.590883497153119,Starter,33,0,3071,806,21.712158808933,7.320099255583126,23.557046979865774,8.333333333333332,36.52482269503546,0.29587242409033876
656605,"Keller, Mitch",2022,R,2661,134,44,-1.5631605128172394,6.0263992769718575,-0.0495107293841659,4.58361442245922,Starter,29,2,2661,686,20.11661807580175,8.60058309037901,21.45214521452145,7.127882599580712,37.316561844863735,0.3177862731277533
664285,"Valdez, Framber",2022,L,3349,117,43,1.5885844356533665,6.082383148904307,0.0331335080203258,4.620490752367614,Starter,31,0,3018,827,23.458282950423218,8.101571946795646,25.635593220338983,5.7657657657657655,41.62162162162162,0.28401732722832723
592094,"Adam, Jason",2022,R,960,139,28,-2.2465790378119253,5.939308680878094,-0.1597006185940284,4.814921430481285,Reliever,0,67,942,237,31.645569620253166,6.329113924050633,38.80597014925373,5.072463768115942,27.536231884057973,0.22586939316239316
670174,"Winckowski, Josh",2022,R,1194,111,50,-1.0998019520390687,5.992660612866569,0.2950532308751123,4.33327588932482,Starter,14,1,1194,317,13.880126182965299,8.201892744479496,17.4484052532833,9.876543209876543,46.09053497942387,0.3375484761904762
592351,"Gray, Jon",2022,R,2062,140,28,-2.198580297597529,5.5961757253084095,-0.1675719405212044,4.531521366947276,Starter,24,0,2062,523,25.621414913957935,7.45697896749522,25.892857142857146,6.140350877192982,38.01169590643275,0.2950005653846154
657376,"Schmidt, Clarke",2022,R,968,147,37,-1.642200309051976,5.572425744449341,0.1831297247204668,4.192664104922585,Reliever,3,26,930,236,23.728813559322035,8.47457627118644,26.605504587155966,9.67741935483871,37.41935483870968,0.29158212227074237
663776,"Sandoval, Patrick",2022,L,2456,108,49,1.2219611360680716,6.180995745870753,-0.1673284820687231,4.580513934081184,Starter,27,0,2456,639,23.630672926447573,9.389671361502346,29.535864978902953,5.7007125890736345,33.966745843230406,0.3070487380952381
669920,"Alexander, Jason",2022,R,1160,158,21,-2.3913106236999138,5.409521295026408,-0.2837960145829494,4.599541358334871,Starter,11,7,1160,321,13.395638629283487,8.722741433021806,17.16566866267465,8.23045267489712,44.03292181069959,0.35686378616352205
607200,"Fedde, Erick",2022,R,2420,120,33,-1.912618617351528,5.729544326337986,-0.0174214653953241,4.504613652016031,Starter,27,0,2420,574,16.376306620209057,10.104529616724738,18.34774255523535,8.076009501187649,43.46793349168646,0.3555474685314685
501985,"Minor, Mike",2022,L,1750,113,35,1.6625547210519864,5.907685229315192,-0.2400307992869873,4.598198021288518,Starter,19,0,1750,451,16.851441241685144,7.982261640798225,20.099255583126553,8.433734939759036,34.93975903614458,0.32937089800443453
656354,"Davis, Austin",2022,L,1104,142,35,2.049698648401733,5.850583591293127,0.1386057639211811,4.533591470410634,Reliever,3,49,1118,263,24.334600760456272,12.167300380228136,26.418786692759294,7.4074074074074066,30.864197530864196,0.3296738429118774
592866,"Williams, Trevor",2022,R,1407,121,21,-2.457197542216446,5.002767422854293,-0.2975062060464166,4.181295656109571,Reliever,9,21,1407,371,22.371967654986523,5.929919137466308,23.726346433770015,7.662835249042145,37.16475095785441,0.2980710569105691
605154,"Brebbia, John",2022,R,1091,137,40,-1.6735357075452786,5.816235533407523,-0.0312870090891118,4.432363849254389,Reliever,11,65,1091,288,18.055555555555554,5.555555555555555,23.50877192982456,6.511627906976744,38.604651162790695,0.29072224295774646
669923,"Kirby, George",2022,R,2192,136,34,-1.7663078700397394,5.818337932260468,0.1712983980395411,4.51172668543529,Starter,25,0,2092,543,24.49355432780847,4.051565377532229,21.162579473206176,8.900523560209423,38.7434554973822,0.2840471855287569
628452,"Iglesias, Raisel",2022,R,1011,144,29,-2.421284636561584,5.3699173806415255,-0.3623714692746986,4.250743432403984,Reliever,0,67,979,245,31.83673469387755,5.3061224489795915,33.99209486166008,10.596026490066226,33.77483443708609,0.2754045720164609
670950,"Richards, Trevor",2022,R,1182,141,52,-1.0448551784145572,6.24134333033811,0.3808737924934622,4.407572870463365,Reliever,4,58,1163,281,28.825622775800714,12.099644128113878,35.05747126436782,11.042944785276074,39.263803680981596,0.33078677060931905
445926,"Chavez, Jesse",2022,R,1248,144,17,-2.1198133460622364,4.965049636734107,-0.1452788147310206,4.351585085155858,Reliever,1,59,1202,292,25.34246575342466,6.8493150684931505,24.545454545454547,8.121827411167512,46.192893401015226,0.3208520448275862
518886,"Kimbrel, Craig",2022,R,1064,119,24,-2.189540887024483,4.745727116145883,-0.3701811416911265,3.943681501966815,Reliever,0,63,1077,258,27.906976744186046,10.077519379844961,29.218106995884774,9.032258064516128,43.87096774193549,0.2913478949416342
628711,"Urías, Julio",2022,L,2700,119,42,1.7252419949405835,5.927935151153035,0.0139290686934706,4.3859698406615175,Starter,31,0,2622,691,23.733719247467437,5.933429811866859,23.711340206185564,6.708595387840671,30.398322851153043,0.2616884218978102
664299,"Javier, Cristian",2022,R,2740,117,33,-2.112458397442217,5.671146350217364,-0.1744323121511377,4.412930060241742,Starter,25,5,2554,587,32.87904599659284,8.858603066439523,30.4140127388535,7.207207207207207,33.633633633633636,0.24393304631217838
625643,"López, Reynaldo",2022,R,985,145,44,-1.548542294496851,5.820014489279352,-0.072241809857307,4.390152838024919,Reliever,1,60,985,253,24.90118577075099,3.9525691699604746,29.03225806451613,5.056179775280898,39.325842696629216,0.26668936947791166
641771,"Kuhl, Chad",2022,R,2374,115,30,-2.12689277375126,5.618433509179305,-0.2388500616452445,4.532507201793946,Starter,27,0,2375,617,17.828200972447323,9.238249594813615,23.589269195189637,9.684684684684685,44.5945945945946,0.3509110489396411
656876,"Rasmussen, Drew",2022,R,2255,139,54,-1.1106113289098434,6.0249318270785714,0.2237593408191739,4.206965789234459,Starter,28,0,2239,586,21.331058020477816,5.290102389078498,25.25337837837838,6.619385342789598,39.2434988179669,0.2898420467128028
605164,"Bundy, Dylan",2022,R,2180,142,53,-1.29806539592355,6.090325168973586,-0.0025593797527351,4.38667091510082,Starter,29,0,2180,597,15.745393634840871,4.690117252931323,21.108179419525065,8.936170212765958,38.297872340425535,0.32129877272727275
662253,"Muñoz, Andrés",2022,R,1103,136,26,-1.884778021088428,5.220351222215851,0.0259196711124901,4.278165551413015,Reliever,0,64,1024,247,38.46153846153847,4.8582995951417,41.75627240143369,5.263157894736842,36.09022556390977,0.21094148148148145
680686,"Gray, Josiah",2022,R,2502,120,38,-1.949173294854024,5.363274135159321,-0.0852154267673205,3.92763189829598,Starter,28,0,2597,649,23.42064714946071,10.015408320493066,26.913155631986243,10.714285714285714,36.904761904761905,0.3192869209302326
434671,"Sánchez, Aníbal",2022,R,1232,120,49,-1.2643130587467726,5.938816544584051,0.1605854521870731,4.303712168669124,Starter,14,0,1232,290,16.551724137931036,10.689655172413794,19.45945945945946,7.729468599033816,37.19806763285024,0.331639847750865
607216,"Krehbiel, Joey",2022,R,976,110,29,-2.032078655679844,5.714222858422347,-0.125473439828614,4.668539559864559,Reliever,0,56,977,244,18.442622950819672,6.967213114754098,22.172949002217297,7.303370786516854,33.70786516853933,0.3120999465020576
669169,"Heasley, Jonathan",2022,R,1788,118,54,-1.220216940532957,6.047455006894534,0.1023547100495679,4.244943224287885,Starter,21,0,1796,467,14.989293361884368,10.06423982869379,19.347037484885128,9.35672514619883,45.32163742690059,0.35334031397849464
642545,"Barria, Jaime",2022,R,1123,108,54,-1.17449349647292,6.485554489415758,0.1168859857016554,4.703411466453336,Reliever,1,34,1123,316,17.088607594936708,6.012658227848101,23.130434782608695,10.0,35.833333333333336,0.31424927884615383
641778,"Lauer, Eric",2022,L,2667,158,39,1.6012457343910165,5.945084782139492,-0.1982707069036155,4.474773077496337,Starter,29,0,2676,662,23.564954682779458,8.91238670694864,24.19871794871795,7.972665148063782,38.041002277904326,0.3113297591463415
543475,"Lyles, Jordan",2022,R,2911,110,43,-1.7385063480618936,6.067990056758591,-0.0518272268321462,4.486459982572711,Starter,32,0,2988,775,18.580645161290324,6.709677419354838,21.852387843704776,10.350877192982457,38.771929824561404,0.3403015400516796
642547,"Peralta, Freddy",2022,R,1353,158,34,-2.116742208411272,5.01432793112714,-0.3151339402239426,3.810376633558752,Starter,17,1,1353,318,27.044025157232703,8.49056603773585,29.747899159663866,3.482587064676617,31.343283582089555,0.2570150063492063
657140,"Wright, Kyle",2022,R,2775,144,29,-2.294308102144654,5.592320853274331,-0.1264009168312698,4.407710032438858,Starter,30,0,2697,739,23.545331529093367,7.171853856562922,26.347760060744115,6.786427145708583,41.11776447105788,0.30609473907103824
656629,"Kopech, Michael",2022,R,2007,145,46,-1.592188632966881,5.814827224710374,-0.0710081964017205,4.232459284971405,Starter,25,0,2011,499,21.04208416833667,11.422845691382765,24.195338512763595,8.814589665653495,41.641337386018236,0.3078131036585366
680694,"Bradish, Kyle",2022,R,1993,110,57,-0.9063440187313684,6.388959614627976,0.2620888512199114,4.5629978171818815,Starter,23,0,1993,509,21.807465618860512,9.037328094302556,23.646408839779006,7.848837209302325,40.98837209302326,0.3266093366336634
669432,"Rogers, Trevor",2022,L,1938,146,21,2.590524820980919,5.640960955797626,0.3079093484011487,4.745186298286076,Starter,23,0,1940,477,22.22222222222222,9.433962264150944,25.684210526315788,7.476635514018691,37.38317757009346,0.33790851578947373
622072,"Wood, Alex",2022,L,2237,137,18,2.7224026516154702,4.81740649911966,0.4399016546782079,4.081637334386757,Starter,26,0,2239,554,23.465703971119133,5.234657039711191,24.97678737233055,7.068062827225131,39.79057591623037,0.31009660363636365
623352,"Hader, Josh",2022,L,1023,135,32,2.051392029403112,5.430917367032041,0.1145763805033253,4.220214648032855,Reliever,0,56,943,219,36.986301369863014,9.58904109589041,36.56884875846501,11.504424778761061,36.283185840707965,0.2914405296803653
678394,"Bello, Brayan",2022,R,997,111,32,-1.884508505442853,5.403168870869041,0.0231034062079286,4.200696555620517,Starter,11,2,997,268,20.522388059701495,9.701492537313433,25.982532751091703,5.434782608695652,37.5,0.3031908646616541
621051,"Wilson, Steven",2022,R,948,135,44,-1.8117906676856392,5.503119049436125,-0.2010048547650744,3.973346853964064,Reliever,1,49,874,214,24.766355140186917,9.345794392523365,28.329297820823246,7.246376811594203,35.507246376811594,0.26268788262910797
571901,"Loup, Aaron",2022,L,967,108,5,2.837462397634558,4.470864674275815,0.6955419996239544,4.277601254500109,Reliever,0,65,967,257,20.233463035019454,7.392996108949417,24.261603375527425,5.617977528089887,34.26966292134831,0.3217464591439689
656638,"Lange, Alex",2022,R,1035,116,36,-1.63768722104385,5.68115885334923,0.1720773616816072,4.350129453357099,Reliever,0,71,1046,271,30.25830258302583,11.07011070110701,44.06047516198704,5.228758169934641,35.947712418300654,0.2828575189393939
664062,"Gonsolin, Tony",2022,R,1984,119,45,-1.6374430425180575,6.222039694346218,-0.1073363432414754,4.672257643815403,Starter,24,0,2015,499,23.847695390781563,6.813627254509018,27.0,5.588235294117648,35.0,0.27612555151515156
605182,"Clevinger, Mike",2022,R,1978,135,38,-1.9111708072684064,5.430146398057985,-0.1749176852237356,4.0785609020076485,Starter,22,1,1931,486,18.72427983539095,7.20164609053498,24.2749731471536,9.455587392550143,38.96848137535817,0.33167670124481324
